[{"model": "auth.permission", "pk": 1, "fields": {"name": "Can add log entry", "content_type": 1, "codename": "add_logentry"}}, {"model": "auth.permission", "pk": 2, "fields": {"name": "Can change log entry", "content_type": 1, "codename": "change_logentry"}}, {"model": "auth.permission", "pk": 3, "fields": {"name": "Can delete log entry", "content_type": 1, "codename": "delete_logentry"}}, {"model": "auth.permission", "pk": 4, "fields": {"name": "Can view log entry", "content_type": 1, "codename": "view_logentry"}}, {"model": "auth.permission", "pk": 5, "fields": {"name": "Can add permission", "content_type": 2, "codename": "add_permission"}}, {"model": "auth.permission", "pk": 6, "fields": {"name": "Can change permission", "content_type": 2, "codename": "change_permission"}}, {"model": "auth.permission", "pk": 7, "fields": {"name": "Can delete permission", "content_type": 2, "codename": "delete_permission"}}, {"model": "auth.permission", "pk": 8, "fields": {"name": "Can view permission", "content_type": 2, "codename": "view_permission"}}, {"model": "auth.permission", "pk": 9, "fields": {"name": "Can add group", "content_type": 3, "codename": "add_group"}}, {"model": "auth.permission", "pk": 10, "fields": {"name": "Can change group", "content_type": 3, "codename": "change_group"}}, {"model": "auth.permission", "pk": 11, "fields": {"name": "Can delete group", "content_type": 3, "codename": "delete_group"}}, {"model": "auth.permission", "pk": 12, "fields": {"name": "Can view group", "content_type": 3, "codename": "view_group"}}, {"model": "auth.permission", "pk": 13, "fields": {"name": "Can add user", "content_type": 4, "codename": "add_user"}}, {"model": "auth.permission", "pk": 14, "fields": {"name": "Can change user", "content_type": 4, "codename": "change_user"}}, {"model": "auth.permission", "pk": 15, "fields": {"name": "Can delete user", "content_type": 4, "codename": "delete_user"}}, {"model": "auth.permission", "pk": 16, "fields": {"name": "Can view user", "content_type": 4, "codename": "view_user"}}, {"model": "auth.permission", "pk": 17, "fields": {"name": "Can add content type", "content_type": 5, "codename": "add_contenttype"}}, {"model": "auth.permission", "pk": 18, "fields": {"name": "Can change content type", "content_type": 5, "codename": "change_contenttype"}}, {"model": "auth.permission", "pk": 19, "fields": {"name": "Can delete content type", "content_type": 5, "codename": "delete_contenttype"}}, {"model": "auth.permission", "pk": 20, "fields": {"name": "Can view content type", "content_type": 5, "codename": "view_contenttype"}}, {"model": "auth.permission", "pk": 21, "fields": {"name": "Can add session", "content_type": 6, "codename": "add_session"}}, {"model": "auth.permission", "pk": 22, "fields": {"name": "Can change session", "content_type": 6, "codename": "change_session"}}, {"model": "auth.permission", "pk": 23, "fields": {"name": "Can delete session", "content_type": 6, "codename": "delete_session"}}, {"model": "auth.permission", "pk": 24, "fields": {"name": "Can view session", "content_type": 6, "codename": "view_session"}}, {"model": "auth.permission", "pk": 25, "fields": {"name": "Can add Token", "content_type": 7, "codename": "add_token"}}, {"model": "auth.permission", "pk": 26, "fields": {"name": "Can change Token", "content_type": 7, "codename": "change_token"}}, {"model": "auth.permission", "pk": 27, "fields": {"name": "Can delete Token", "content_type": 7, "codename": "delete_token"}}, {"model": "auth.permission", "pk": 28, "fields": {"name": "Can view Token", "content_type": 7, "codename": "view_token"}}, {"model": "auth.permission", "pk": 29, "fields": {"name": "Can add token", "content_type": 8, "codename": "add_tokenproxy"}}, {"model": "auth.permission", "pk": 30, "fields": {"name": "Can change token", "content_type": 8, "codename": "change_tokenproxy"}}, {"model": "auth.permission", "pk": 31, "fields": {"name": "Can delete token", "content_type": 8, "codename": "delete_tokenproxy"}}, {"model": "auth.permission", "pk": 32, "fields": {"name": "Can view token", "content_type": 8, "codename": "view_tokenproxy"}}, {"model": "auth.permission", "pk": 33, "fields": {"name": "Can add kategori", "content_type": 9, "codename": "add_kategori"}}, {"model": "auth.permission", "pk": 34, "fields": {"name": "Can change kategori", "content_type": 9, "codename": "change_kategori"}}, {"model": "auth.permission", "pk": 35, "fields": {"name": "Can delete kategori", "content_type": 9, "codename": "delete_kategori"}}, {"model": "auth.permission", "pk": 36, "fields": {"name": "Can view kategori", "content_type": 9, "codename": "view_kategori"}}, {"model": "auth.permission", "pk": 37, "fields": {"name": "Can add rekening", "content_type": 10, "codename": "add_rekening"}}, {"model": "auth.permission", "pk": 38, "fields": {"name": "Can change rekening", "content_type": 10, "codename": "change_rekening"}}, {"model": "auth.permission", "pk": 39, "fields": {"name": "Can delete rekening", "content_type": 10, "codename": "delete_rekening"}}, {"model": "auth.permission", "pk": 40, "fields": {"name": "Can view rekening", "content_type": 10, "codename": "view_rekening"}}, {"model": "auth.permission", "pk": 41, "fields": {"name": "Can add utang piutang", "content_type": 11, "codename": "add_utangpiutang"}}, {"model": "auth.permission", "pk": 42, "fields": {"name": "Can change utang piutang", "content_type": 11, "codename": "change_utangpiutang"}}, {"model": "auth.permission", "pk": 43, "fields": {"name": "Can delete utang piutang", "content_type": 11, "codename": "delete_utangpiutang"}}, {"model": "auth.permission", "pk": 44, "fields": {"name": "Can view utang piutang", "content_type": 11, "codename": "view_utangpiutang"}}, {"model": "auth.permission", "pk": 45, "fields": {"name": "Can add transfer", "content_type": 12, "codename": "add_transfer"}}, {"model": "auth.permission", "pk": 46, "fields": {"name": "Can change transfer", "content_type": 12, "codename": "change_transfer"}}, {"model": "auth.permission", "pk": 47, "fields": {"name": "Can delete transfer", "content_type": 12, "codename": "delete_transfer"}}, {"model": "auth.permission", "pk": 48, "fields": {"name": "Can view transfer", "content_type": 12, "codename": "view_transfer"}}, {"model": "auth.permission", "pk": 49, "fields": {"name": "Can add transaksi", "content_type": 13, "codename": "add_transaksi"}}, {"model": "auth.permission", "pk": 50, "fields": {"name": "Can change transaksi", "content_type": 13, "codename": "change_transaksi"}}, {"model": "auth.permission", "pk": 51, "fields": {"name": "Can delete transaksi", "content_type": 13, "codename": "delete_transaksi"}}, {"model": "auth.permission", "pk": 52, "fields": {"name": "Can view transaksi", "content_type": 13, "codename": "view_transaksi"}}, {"model": "auth.user", "pk": 3, "fields": {"password": "pbkdf2_sha256$390000$CZ4xfAcgLxd2HNKuJSr7BC$vviD5MYxT2AJD3X8w52t79wFCrZkAfS3w8cAgBji1sQ=", "last_login": null, "is_superuser": false, "username": "fnikolas221", "first_name": "Fernando", "last_name": "Nikolas R", "email": "fnikolas221@gmail.com", "is_staff": false, "is_active": true, "date_joined": "2023-03-10T10:15:34.408Z", "groups": [], "user_permissions": []}}, {"model": "auth.user", "pk": 4, "fields": {"password": "", "last_login": null, "is_superuser": false, "username": "meidyreimon", "first_name": "Meidy", "last_name": "Reimon", "email": "meidyraymon75@gmail.com", "is_staff": false, "is_active": true, "date_joined": "2023-03-11T04:57:52.716Z", "groups": [], "user_permissions": []}}, {"model": "auth.user", "pk": 5, "fields": {"password": "pbkdf2_sha256$390000$nrN3SgWIEUqbEK3PwwFwPT$ITFdUmFZnAEh54p4QXsFXT3cfDt8SAwsY101KYANvQU=", "last_login": "2023-03-22T04:37:42.148Z", "is_superuser": true, "username": "a", "first_name": "", "last_name": "", "email": "", "is_staff": true, "is_active": true, "date_joined": "2023-03-22T04:37:24.337Z", "groups": [], "user_permissions": []}}, {"model": "contenttypes.contenttype", "pk": 1, "fields": {"app_label": "admin", "model": "logentry"}}, {"model": "contenttypes.contenttype", "pk": 2, "fields": {"app_label": "auth", "model": "permission"}}, {"model": "contenttypes.contenttype", "pk": 3, "fields": {"app_label": "auth", "model": "group"}}, {"model": "contenttypes.contenttype", "pk": 4, "fields": {"app_label": "auth", "model": "user"}}, {"model": "contenttypes.contenttype", "pk": 5, "fields": {"app_label": "contenttypes", "model": "contenttype"}}, {"model": "contenttypes.contenttype", "pk": 6, "fields": {"app_label": "sessions", "model": "session"}}, {"model": "contenttypes.contenttype", "pk": 7, "fields": {"app_label": "authtoken", "model": "token"}}, {"model": "contenttypes.contenttype", "pk": 8, "fields": {"app_label": "authtoken", "model": "tokenproxy"}}, {"model": "contenttypes.contenttype", "pk": 9, "fields": {"app_label": "keuangan", "model": "kategori"}}, {"model": "contenttypes.contenttype", "pk": 10, "fields": {"app_label": "keuangan", "model": "rekening"}}, {"model": "contenttypes.contenttype", "pk": 11, "fields": {"app_label": "keuangan", "model": "utangpiutang"}}, {"model": "contenttypes.contenttype", "pk": 12, "fields": {"app_label": "keuangan", "model": "transfer"}}, {"model": "contenttypes.contenttype", "pk": 13, "fields": {"app_label": "keuangan", "model": "transaksi"}}, {"model": "sessions.session", "pk": "k043d8wjk54lrn4rbcjfheod9vlh6ckm", "fields": {"session_data": ".eJxVjEEOwiAQRe_C2pABOgVcuvcMZICpVA0kpV0Z765NutDtf-_9lwi0rSVsnZcwZ3EWKE6_W6T04LqDfKd6azK1ui5zlLsiD9rltWV-Xg7376BQL986RhM1KKSsVAJPaNCZwZFLNGkPrNDrCQhG9ga0i5mNVTygVSNCtla8P9JUNv8:1peqEI:9399bLtQyjeO1U3zPVAmqtSgiKFic3t5-RCL5uETG9s", "expire_date": "2023-04-05T04:37:42.284Z"}}, {"model": "keuangan.rekening", "pk": "09f357a7-385f-411e-8043-a855baff68da", "fields": {"name": "BRI", "date_created": "2023-03-10T10:35:35.057Z", "user": 3, "is_hidden": false, "initial_deposit": 30000, "icon": "fas fa-piggy-bank"}}, {"model": "keuangan.rekening", "pk": "391a8dac-e229-4695-801a-54a1fea61146", "fields": {"name": "BTN", "date_created": "2023-03-10T17:03:46.830Z", "user": 3, "is_hidden": false, "initial_deposit": 30000, "icon": "fas fa-piggy-bank"}}, {"model": "keuangan.rekening", "pk": "398c490b-a1e0-4354-990a-477212bd9611", "fields": {"name": "BNI", "date_created": "2023-03-11T05:01:15.528Z", "user": 3, "is_hidden": false, "initial_deposit": 10000, "icon": "fas fa-piggy-bank"}}, {"model": "keuangan.rekening", "pk": "410af41c-f310-45f5-88d1-02da731911f2", "fields": {"name": "a", "date_created": "2023-03-22T04:45:52.441Z", "user": 5, "is_hidden": true, "initial_deposit": 2, "icon": "a"}}, {"model": "keuangan.rekening", "pk": "5f3cf188-fe1f-4624-92db-8e79374156ef", "fields": {"name": "Reksandana Tokopedia", "date_created": "2023-03-10T13:58:03.124Z", "user": 3, "is_hidden": true, "initial_deposit": 2200000, "icon": "fas fa-piggy-bank"}}, {"model": "keuangan.rekening", "pk": "764ca2b5-0db1-494a-bc15-7d995248adac", "fields": {"name": "Dana", "date_created": "2023-03-11T02:05:38.578Z", "user": 3, "is_hidden": false, "initial_deposit": 50000, "icon": "fas fa-address-book"}}, {"model": "keuangan.rekening", "pk": "91405d42-aa57-47ea-9c9f-ae4718d293b9", "fields": {"name": "Kas", "date_created": "2023-03-10T10:16:43.820Z", "user": 3, "is_hidden": false, "initial_deposit": 128000, "icon": "fas fa-money-bill-alt"}}, {"model": "keuangan.rekening", "pk": "beb4d1f8-3f9b-4e60-b40c-2e315855407c", "fields": {"name": "Reksadana Bibit", "date_created": "2023-03-10T12:55:59.703Z", "user": 3, "is_hidden": true, "initial_deposit": 2000000, "icon": "fas fa-piggy-bank"}}, {"model": "keuangan.rekening", "pk": "c1b42d7d-8c55-44a4-ba06-048e939bbdcc", "fields": {"name": "Jenius", "date_created": "2023-03-11T02:04:15.811Z", "user": 3, "is_hidden": false, "initial_deposit": 10000, "icon": "fas fa-tachometer-alt"}}, {"model": "keuangan.rekening", "pk": "d330df9e-d7b0-48e7-ac6b-22401b736ed1", "fields": {"name": "BCA", "date_created": "2023-03-10T10:34:35.729Z", "user": 3, "is_hidden": false, "initial_deposit": 1182000, "icon": "fas fa-piggy-bank"}}, {"model": "keuangan.rekening", "pk": "ed746066-d5dd-40a4-a4ce-7192bd18a333", "fields": {"name": "Koin", "date_created": "2023-03-10T17:00:52.478Z", "user": 3, "is_hidden": true, "initial_deposit": 200, "icon": "fas fa-coins"}}, {"model": "keuangan.kategori", "pk": "019e754d-f0e5-4d65-90fc-1eba25999765", "fields": {"name": "Obat & Vitamin", "icon": "fas fa-briefcase-medical", "user": 3, "jenis": -1}}, {"model": "keuangan.kategori", "pk": "07530ba7-45ac-45d3-a550-2bf0ed3f07bb", "fields": {"name": "Shopping", "icon": "fas fa-shopping-cart", "user": 3, "jenis": -1}}, {"model": "keuangan.kategori", "pk": "315883f6-29d7-4f00-a31f-41ae60f830e5", "fields": {"name": "Salary", "icon": "fas fa-money-bill-alt", "user": 3, "jenis": 1}}, {"model": "keuangan.kategori", "pk": "6224ba69-ea8c-4462-bb77-0f58366fbfa8", "fields": {"name": "Human Error", "icon": "fas fa-exclamation-triangle", "user": 3, "jenis": null}}, {"model": "keuangan.kategori", "pk": "6486e070-b4a8-4b7c-8125-13b79b27f104", "fields": {"name": "Makanan", "icon": "fas fa-utensil-spoon", "user": 3, "jenis": -1}}, {"model": "keuangan.kategori", "pk": "67a15c71-71ad-4c0c-8e69-f2be71791430", "fields": {"name": "Transportasi", "icon": "fas fa-motorcycle", "user": 3, "jenis": -1}}, {"model": "keuangan.kategori", "pk": "6897bab8-0347-43cf-b6f8-8fd93872d599", "fields": {"name": "Snack", "icon": "fas fa-birthday-cake", "user": 3, "jenis": -1}}, {"model": "keuangan.kategori", "pk": "7ffb5e14-928d-40da-b5f0-a196ff62f233", "fields": {"name": "Ortu", "icon": "fas fa-people-carry", "user": 3, "jenis": 1}}, {"model": "keuangan.kategori", "pk": "8f50ee9b-8726-4004-a583-3d6ff650aa1b", "fields": {"name": "Tagihan", "icon": "fas fa-newspaper", "user": 3, "jenis": -1}}, {"model": "keuangan.kategori", "pk": "93aab011-9990-4e23-80ab-6a3d9d04cdf1", "fields": {"name": "Pajak", "icon": "fas fa-receipt", "user": 3, "jenis": -1}}, {"model": "keuangan.kategori", "pk": "9a1ae7f4-3950-431a-93df-74063603e6e5", "fields": {"name": "Hiburan", "icon": "fas fa-parachute-box", "user": 3, "jenis": -1}}, {"model": "keuangan.kategori", "pk": "b8fd85c4-a69d-4aba-b1db-b0a2ed8225bf", "fields": {"name": "Edukasi", "icon": "fas fa-school", "user": 3, "jenis": -1}}, {"model": "keuangan.kategori", "pk": "c242663d-2651-4de7-b5fc-7bec51723aa0", "fields": {"name": "Hibah & Hadiah", "icon": "fas fa-hand-holding-usd", "user": 3, "jenis": 1}}, {"model": "keuangan.kategori", "pk": "d0801769-1038-4cfb-83b5-eec330a7fad4", "fields": {"name": "Sembako", "icon": "fas fa-warehouse", "user": 3, "jenis": -1}}, {"model": "keuangan.kategori", "pk": "d217cf7b-402d-44ba-898f-eeed8c352a5c", "fields": {"name": "Kebersihan", "icon": "fas fa-hand-paper", "user": 3, "jenis": -1}}, {"model": "keuangan.kategori", "pk": "f440b671-600e-411f-8929-772333a04324", "fields": {"name": "Device & Internet", "icon": "fas fa-phone", "user": 3, "jenis": -1}}, {"model": "keuangan.utangpiutang", "pk": "096bb410-fd77-45c0-af1c-b2b5f93482b4", "fields": {"due_date": "2023-03-11T19:33:00Z", "person_in_charge": "Ari", "type": "P", "tgl_transaksi": "2023-03-11T19:32:00Z", "nominal": 15000, "user": 3, "rekening": "d330df9e-d7b0-48e7-ac6b-22401b736ed1", "is_done": true, "keterangan": "Listrik"}}, {"model": "keuangan.utangpiutang", "pk": "150a1ac3-f99e-4558-b81e-f672f0c9eb9a", "fields": {"due_date": "2023-03-25T19:35:00Z", "person_in_charge": "Perikanan", "type": "P", "tgl_transaksi": "2023-03-11T19:35:00Z", "nominal": 30000, "user": 3, "rekening": "d330df9e-d7b0-48e7-ac6b-22401b736ed1", "is_done": true, "keterangan": "Listrik"}}, {"model": "keuangan.utangpiutang", "pk": "1683a269-6968-4e49-8de6-3dcdc46ee7c6", "fields": {"due_date": "2023-03-18T19:38:00Z", "person_in_charge": "Ari", "type": "P", "tgl_transaksi": "2023-03-11T19:38:00Z", "nominal": 70000, "user": 3, "rekening": "d330df9e-d7b0-48e7-ac6b-22401b736ed1", "is_done": true, "keterangan": "Wifi + Lisrik"}}, {"model": "keuangan.utangpiutang", "pk": "30aa89b0-8d0a-4aa4-b815-27914bcf34a9", "fields": {"due_date": "2023-03-31T09:07:00Z", "person_in_charge": "Rezieq", "type": "P", "tgl_transaksi": "2023-03-16T09:07:00Z", "nominal": 23000, "user": 3, "rekening": "91405d42-aa57-47ea-9c9f-ae4718d293b9", "is_done": true, "keterangan": "Snack Brick Eramart"}}, {"model": "keuangan.utangpiutang", "pk": "583b625e-6255-4eeb-9f34-164bce776323", "fields": {"due_date": "2023-03-11T19:34:00Z", "person_in_charge": "Zaki", "type": "P", "tgl_transaksi": "2023-03-11T19:34:00Z", "nominal": 15000, "user": 3, "rekening": "d330df9e-d7b0-48e7-ac6b-22401b736ed1", "is_done": true, "keterangan": "Listrik"}}, {"model": "keuangan.utangpiutang", "pk": "6045fb02-e01c-4566-aa96-757b5ce8a69c", "fields": {"due_date": "2023-03-23T19:34:00Z", "person_in_charge": "Arya", "type": "P", "tgl_transaksi": "2023-03-11T19:34:00Z", "nominal": 15000, "user": 3, "rekening": "d330df9e-d7b0-48e7-ac6b-22401b736ed1", "is_done": true, "keterangan": "Listrik"}}, {"model": "keuangan.utangpiutang", "pk": "c871d98c-7eb1-4b6d-ad2f-613ed9baaebe", "fields": {"due_date": "2023-03-25T13:14:00Z", "person_in_charge": "Ari", "type": "U", "tgl_transaksi": "2023-03-20T13:14:00Z", "nominal": 16500, "user": 3, "rekening": "91405d42-aa57-47ea-9c9f-ae4718d293b9", "is_done": true, "keterangan": "Air"}}, {"model": "keuangan.utangpiutang", "pk": "db108d91-fa14-431d-9e7f-049f4d6920e2", "fields": {"due_date": "2023-03-25T19:37:00Z", "person_in_charge": "Riswan", "type": "P", "tgl_transaksi": "2023-03-11T19:37:00Z", "nominal": 15000, "user": 3, "rekening": "d330df9e-d7b0-48e7-ac6b-22401b736ed1", "is_done": true, "keterangan": "Listrik"}}, {"model": "keuangan.transfer", "pk": "05fcf4c2-0b3e-4ae7-a2a0-fe06cf2e2984", "fields": {"from_account": "d330df9e-d7b0-48e7-ac6b-22401b736ed1", "to_account": "91405d42-aa57-47ea-9c9f-ae4718d293b9", "user": 3, "keterangan": "Listrik", "tgl_transfer": "2023-03-14T12:52:00Z", "nominal": 30000}}, {"model": "keuangan.transfer", "pk": "0e20b384-27af-4b0d-ac2e-f3a19e39f109", "fields": {"from_account": "d330df9e-d7b0-48e7-ac6b-22401b736ed1", "to_account": "5f3cf188-fe1f-4624-92db-8e79374156ef", "user": 3, "keterangan": "Reksadana", "tgl_transfer": "2023-03-10T10:56:00Z", "nominal": 400000}}, {"model": "keuangan.transfer", "pk": "11702760-c0a7-4908-975f-7aa4cf6faa33", "fields": {"from_account": "d330df9e-d7b0-48e7-ac6b-22401b736ed1", "to_account": "91405d42-aa57-47ea-9c9f-ae4718d293b9", "user": 3, "keterangan": "Lunas ari", "tgl_transfer": "2023-03-11T20:32:00Z", "nominal": 85000}}, {"model": "keuangan.transfer", "pk": "9cd104a7-0c57-480c-96a0-d210cffcb0f8", "fields": {"from_account": "d330df9e-d7b0-48e7-ac6b-22401b736ed1", "to_account": "beb4d1f8-3f9b-4e60-b40c-2e315855407c", "user": 3, "keterangan": "nabung", "tgl_transfer": "2023-03-10T10:52:00Z", "nominal": 200000}}, {"model": "keuangan.transfer", "pk": "a886ffb5-da6b-4b60-ba6b-d8486db5b5c2", "fields": {"from_account": "d330df9e-d7b0-48e7-ac6b-22401b736ed1", "to_account": "91405d42-aa57-47ea-9c9f-ae4718d293b9", "user": 3, "keterangan": "Butuh Duit", "tgl_transfer": "2023-03-21T13:09:00Z", "nominal": 50000}}, {"model": "keuangan.transfer", "pk": "a8d98293-8e90-467d-9868-daf3c3deae76", "fields": {"from_account": "d330df9e-d7b0-48e7-ac6b-22401b736ed1", "to_account": "91405d42-aa57-47ea-9c9f-ae4718d293b9", "user": 3, "keterangan": "-", "tgl_transfer": "2023-03-11T12:02:00Z", "nominal": 50000}}, {"model": "keuangan.transfer", "pk": "af49461e-72ff-4f0d-98c0-dc05c4e734ce", "fields": {"from_account": "ed746066-d5dd-40a4-a4ce-7192bd18a333", "to_account": "91405d42-aa57-47ea-9c9f-ae4718d293b9", "user": 3, "keterangan": "Tukar Koin", "tgl_transfer": "2023-03-17T21:27:00Z", "nominal": 22000}}, {"model": "keuangan.transfer", "pk": "c72feba0-0c9f-451d-a068-6bfd6416703c", "fields": {"from_account": "d330df9e-d7b0-48e7-ac6b-22401b736ed1", "to_account": "91405d42-aa57-47ea-9c9f-ae4718d293b9", "user": 3, "keterangan": "Butuh Duit", "tgl_transfer": "2023-03-20T13:12:00Z", "nominal": 50000}}, {"model": "keuangan.transaksi", "pk": "012487a4-2b46-4037-acef-e6554e459f83", "fields": {"pelaku": "Kios", "trc_name": "Kripik Makaroni", "price": 2000, "rekening": "91405d42-aa57-47ea-9c9f-ae4718d293b9", "trc_type": -1, "trc_date": "2023-03-16T17:39:00Z", "kategori": "6897bab8-0347-43cf-b6f8-8fd93872d599", "user": 3, "id_utang_piutang": null, "id_transfer": null, "is_protected": false}}, {"model": "keuangan.transaksi", "pk": "01267e01-9925-4ede-9f11-6efaf75c719c", "fields": {"pelaku": "Transfer | Reksadana", "trc_name": "Transfer ke Reksandana Tokopedia", "price": 400000, "rekening": "d330df9e-d7b0-48e7-ac6b-22401b736ed1", "trc_type": -1, "trc_date": "2023-03-10T10:56:00Z", "kategori": null, "user": 3, "id_utang_piutang": null, "id_transfer": "0e20b384-27af-4b0d-ac2e-f3a19e39f109", "is_protected": false}}, {"model": "keuangan.transaksi", "pk": "01d30e37-e9e3-4dd8-8dda-f11f4bc78e48", "fields": {"pelaku": "Pramuka", "trc_name": "Tempe", "price": 6000, "rekening": "91405d42-aa57-47ea-9c9f-ae4718d293b9", "trc_type": -1, "trc_date": "2023-03-11T12:01:00Z", "kategori": "d0801769-1038-4cfb-83b5-eec330a7fad4", "user": 3, "id_utang_piutang": null, "id_transfer": null, "is_protected": false}}, {"model": "keuangan.transaksi", "pk": "056ca540-dfb2-47f1-a844-90fcb01bfb2a", "fields": {"pelaku": "Initial Deposit", "trc_name": "Initial Deposit rek BRI", "price": 30000, "rekening": "09f357a7-385f-411e-8043-a855baff68da", "trc_type": 1, "trc_date": "2023-03-10T10:35:35.057Z", "kategori": null, "user": 3, "id_utang_piutang": null, "id_transfer": null, "is_protected": true}}, {"model": "keuangan.transaksi", "pk": "07f568d5-854b-4906-8af6-fb029a41d3b1", "fields": {"pelaku": "Gorengan", "trc_name": "Gorengan", "price": 5000, "rekening": "91405d42-aa57-47ea-9c9f-ae4718d293b9", "trc_type": -1, "trc_date": "2023-03-17T13:51:00Z", "kategori": "6486e070-b4a8-4b7c-8125-13b79b27f104", "user": 3, "id_utang_piutang": null, "id_transfer": null, "is_protected": false}}, {"model": "keuangan.transaksi", "pk": "0922ab73-82dd-4a6f-bef7-866925d4676b", "fields": {"pelaku": "Percetakan", "trc_name": "Print Surat", "price": 3000, "rekening": "91405d42-aa57-47ea-9c9f-ae4718d293b9", "trc_type": -1, "trc_date": "2023-03-18T11:09:00Z", "kategori": "b8fd85c4-a69d-4aba-b1db-b0a2ed8225bf", "user": 3, "id_utang_piutang": null, "id_transfer": null, "is_protected": false}}, {"model": "keuangan.transaksi", "pk": "09cfd4cc-1c51-40ed-aa3e-f4ebd2182540", "fields": {"pelaku": "Nasi Pecel", "trc_name": "Pecel", "price": 16000, "rekening": "91405d42-aa57-47ea-9c9f-ae4718d293b9", "trc_type": -1, "trc_date": "2023-03-20T13:13:00Z", "kategori": "6486e070-b4a8-4b7c-8125-13b79b27f104", "user": 3, "id_utang_piutang": null, "id_transfer": null, "is_protected": false}}, {"model": "keuangan.transaksi", "pk": "0cbf4661-865c-456c-832c-9a78aa7e8f44", "fields": {"pelaku": "Transfer | Lunas ari", "trc_name": "Transfer ke Kas", "price": 85000, "rekening": "d330df9e-d7b0-48e7-ac6b-22401b736ed1", "trc_type": -1, "trc_date": "2023-03-11T20:32:00Z", "kategori": null, "user": 3, "id_utang_piutang": null, "id_transfer": "11702760-c0a7-4908-975f-7aa4cf6faa33", "is_protected": false}}, {"model": "keuangan.transaksi", "pk": "107b93ac-2b6d-4c54-aecc-5812542a928a", "fields": {"pelaku": "Ayam Pramuka", "trc_name": "Ayam Goreng", "price": 6000, "rekening": "91405d42-aa57-47ea-9c9f-ae4718d293b9", "trc_type": -1, "trc_date": "2023-03-13T20:58:00Z", "kategori": "6486e070-b4a8-4b7c-8125-13b79b27f104", "user": 3, "id_utang_piutang": null, "id_transfer": null, "is_protected": false}}, {"model": "keuangan.transaksi", "pk": "11d66874-7238-4a49-8618-902f7e871c5f", "fields": {"pelaku": "cetak", "trc_name": "Cetak", "price": 1000, "rekening": "91405d42-aa57-47ea-9c9f-ae4718d293b9", "trc_type": -1, "trc_date": "2023-03-18T11:35:00Z", "kategori": "b8fd85c4-a69d-4aba-b1db-b0a2ed8225bf", "user": 3, "id_utang_piutang": null, "id_transfer": null, "is_protected": false}}, {"model": "keuangan.transaksi", "pk": "131a75a4-cdf5-4df9-b9d5-aa8584f8c3ca", "fields": {"pelaku": "Indomaret", "trc_name": "Soya", "price": 6600, "rekening": "91405d42-aa57-47ea-9c9f-ae4718d293b9", "trc_type": -1, "trc_date": "2023-03-12T09:00:00Z", "kategori": "6897bab8-0347-43cf-b6f8-8fd93872d599", "user": 3, "id_utang_piutang": null, "id_transfer": null, "is_protected": false}}, {"model": "keuangan.transaksi", "pk": "13f0a209-6ea5-4d1c-a062-b01c6b5b9dab", "fields": {"pelaku": "Transfer | Listrik", "trc_name": "Transfer ke Kas", "price": 30000, "rekening": "d330df9e-d7b0-48e7-ac6b-22401b736ed1", "trc_type": -1, "trc_date": "2023-03-14T12:52:00Z", "kategori": null, "user": 3, "id_utang_piutang": null, "id_transfer": "05fcf4c2-0b3e-4ae7-a2a0-fe06cf2e2984", "is_protected": false}}, {"model": "keuangan.transaksi", "pk": "1691b847-7cb4-4dcf-8413-70b16c20c94e", "fields": {"pelaku": "Ayam Pramuka", "trc_name": "Ayam Goreng", "price": 6000, "rekening": "91405d42-aa57-47ea-9c9f-ae4718d293b9", "trc_type": -1, "trc_date": "2023-03-10T08:33:00Z", "kategori": "6486e070-b4a8-4b7c-8125-13b79b27f104", "user": 3, "id_utang_piutang": null, "id_transfer": null, "is_protected": false}}, {"model": "keuangan.transaksi", "pk": "190bd517-d456-48f1-b917-fdba4e6187e4", "fields": {"pelaku": "Transfer | nabung", "trc_name": "Transfer dari BCA", "price": 200000, "rekening": "beb4d1f8-3f9b-4e60-b40c-2e315855407c", "trc_type": 1, "trc_date": "2023-03-10T10:52:00Z", "kategori": null, "user": 3, "id_utang_piutang": null, "id_transfer": "9cd104a7-0c57-480c-96a0-d210cffcb0f8", "is_protected": false}}, {"model": "keuangan.transaksi", "pk": "194b450d-facf-475c-bf6a-f97c46d71433", "fields": {"pelaku": "Saya", "trc_name": "Lupa", "price": 15000, "rekening": "91405d42-aa57-47ea-9c9f-ae4718d293b9", "trc_type": -1, "trc_date": "2023-03-19T23:30:00Z", "kategori": "6224ba69-ea8c-4462-bb77-0f58366fbfa8", "user": 3, "id_utang_piutang": null, "id_transfer": null, "is_protected": false}}, {"model": "keuangan.transaksi", "pk": "1a4acfb4-74dd-4237-8db3-69286c00be16", "fields": {"pelaku": "Indomaret", "trc_name": "Indomie Ayam", "price": 4200, "rekening": "91405d42-aa57-47ea-9c9f-ae4718d293b9", "trc_type": -1, "trc_date": "2023-03-11T17:01:00Z", "kategori": "6486e070-b4a8-4b7c-8125-13b79b27f104", "user": 3, "id_utang_piutang": null, "id_transfer": null, "is_protected": false}}, {"model": "keuangan.transaksi", "pk": "1b96bc33-40bb-4049-b234-b68701b5dac2", "fields": {"pelaku": "Percetakan", "trc_name": "Materai 10K", "price": 13000, "rekening": "91405d42-aa57-47ea-9c9f-ae4718d293b9", "trc_type": -1, "trc_date": "2023-03-18T11:09:00Z", "kategori": "b8fd85c4-a69d-4aba-b1db-b0a2ed8225bf", "user": 3, "id_utang_piutang": null, "id_transfer": null, "is_protected": false}}, {"model": "keuangan.transaksi", "pk": "1ba00bc6-1e5f-4a5b-8422-1c17409f7d32", "fields": {"pelaku": "Jalan AWS", "trc_name": "Air Galon", "price": 6000, "rekening": "91405d42-aa57-47ea-9c9f-ae4718d293b9", "trc_type": -1, "trc_date": "2023-03-19T21:41:00Z", "kategori": "d0801769-1038-4cfb-83b5-eec330a7fad4", "user": 3, "id_utang_piutang": null, "id_transfer": null, "is_protected": false}}, {"model": "keuangan.transaksi", "pk": "1e498e25-74ab-4d9a-be62-86b8481b3758", "fields": {"pelaku": "Indomaret", "trc_name": "Mizone", "price": 6000, "rekening": "91405d42-aa57-47ea-9c9f-ae4718d293b9", "trc_type": -1, "trc_date": "2023-03-14T12:49:00Z", "kategori": "6486e070-b4a8-4b7c-8125-13b79b27f104", "user": 3, "id_utang_piutang": null, "id_transfer": null, "is_protected": false}}, {"model": "keuangan.transaksi", "pk": "1e7a40c2-a82d-42be-94e2-4b64c3ec9a90", "fields": {"pelaku": "", "trc_name": "Oli Motor", "price": 65000, "rekening": "91405d42-aa57-47ea-9c9f-ae4718d293b9", "trc_type": -1, "trc_date": "2023-03-11T12:01:00Z", "kategori": "67a15c71-71ad-4c0c-8e69-f2be71791430", "user": 3, "id_utang_piutang": null, "id_transfer": null, "is_protected": false}}, {"model": "keuangan.transaksi", "pk": "1ee5fc32-d67f-4a13-8021-175d85ce6adc", "fields": {"pelaku": "Saya", "trc_name": "Lupa", "price": 7000, "rekening": "91405d42-aa57-47ea-9c9f-ae4718d293b9", "trc_type": -1, "trc_date": "2023-03-17T14:14:00Z", "kategori": "6224ba69-ea8c-4462-bb77-0f58366fbfa8", "user": 3, "id_utang_piutang": null, "id_transfer": null, "is_protected": false}}, {"model": "keuangan.transaksi", "pk": "1f547d9a-7ddf-4149-9eba-f19a5c2b18cb", "fields": {"pelaku": "Rooftop", "trc_name": "Listrik", "price": 15000, "rekening": "d330df9e-d7b0-48e7-ac6b-22401b736ed1", "trc_type": -1, "trc_date": "2023-03-11T19:44:00Z", "kategori": "8f50ee9b-8726-4004-a583-3d6ff650aa1b", "user": 3, "id_utang_piutang": null, "id_transfer": null, "is_protected": false}}, {"model": "keuangan.transaksi", "pk": "1fdb54f7-ab27-4580-9eab-a5f686f8ec7b", "fields": {"pelaku": "Initial Deposit", "trc_name": "Initial Deposit rek Dana", "price": 50000, "rekening": "764ca2b5-0db1-494a-bc15-7d995248adac", "trc_type": 1, "trc_date": "2023-03-11T02:05:38.578Z", "kategori": null, "user": 3, "id_utang_piutang": null, "id_transfer": null, "is_protected": true}}, {"model": "keuangan.transaksi", "pk": "207e4095-fe2b-4fc5-ae04-1c0b236a4114", "fields": {"pelaku": "Transfer | -", "trc_name": "Transfer ke Kas", "price": 50000, "rekening": "d330df9e-d7b0-48e7-ac6b-22401b736ed1", "trc_type": -1, "trc_date": "2023-03-11T12:02:00Z", "kategori": null, "user": 3, "id_utang_piutang": null, "id_transfer": "a8d98293-8e90-467d-9868-daf3c3deae76", "is_protected": false}}, {"model": "keuangan.transaksi", "pk": "20a5f55f-df84-4f0c-adb5-9c74a9515b32", "fields": {"pelaku": "Kios", "trc_name": "Mizone", "price": 6000, "rekening": "91405d42-aa57-47ea-9c9f-ae4718d293b9", "trc_type": -1, "trc_date": "2023-03-20T20:38:00Z", "kategori": "d0801769-1038-4cfb-83b5-eec330a7fad4", "user": 3, "id_utang_piutang": null, "id_transfer": null, "is_protected": false}}, {"model": "keuangan.transaksi", "pk": "2244b00d-7e18-47e1-bbc7-d5b9c8288b28", "fields": {"pelaku": "Initial Deposit", "trc_name": "Initial Deposit rek Koin", "price": 200, "rekening": "ed746066-d5dd-40a4-a4ce-7192bd18a333", "trc_type": 1, "trc_date": "2023-03-10T17:00:52.478Z", "kategori": null, "user": 3, "id_utang_piutang": null, "id_transfer": null, "is_protected": true}}, {"model": "keuangan.transaksi", "pk": "2a471d3e-fb89-4c2e-81da-60253991bdf4", "fields": {"pelaku": "Mixue", "trc_name": "Mixue", "price": 16000, "rekening": "91405d42-aa57-47ea-9c9f-ae4718d293b9", "trc_type": -1, "trc_date": "2023-03-20T20:39:00Z", "kategori": "6897bab8-0347-43cf-b6f8-8fd93872d599", "user": 3, "id_utang_piutang": null, "id_transfer": null, "is_protected": false}}, {"model": "keuangan.transaksi", "pk": "2cff8395-a7eb-4814-a443-a85c15c61886", "fields": {"pelaku": "Ari", "trc_name": "Utang dari Ari ket:Air", "price": 16500, "rekening": "91405d42-aa57-47ea-9c9f-ae4718d293b9", "trc_type": 1, "trc_date": "2023-03-20T13:14:00Z", "kategori": null, "user": 3, "id_utang_piutang": "c871d98c-7eb1-4b6d-ad2f-613ed9baaebe", "id_transfer": null, "is_protected": false}}, {"model": "keuangan.transaksi", "pk": "2d6fbddd-a857-45a1-b7a4-b838442b1d47", "fields": {"pelaku": "Transfer | Reksadana", "trc_name": "Transfer dari BCA", "price": 400000, "rekening": "5f3cf188-fe1f-4624-92db-8e79374156ef", "trc_type": 1, "trc_date": "2023-03-10T10:56:00Z", "kategori": null, "user": 3, "id_utang_piutang": null, "id_transfer": "0e20b384-27af-4b0d-ac2e-f3a19e39f109", "is_protected": false}}, {"model": "keuangan.transaksi", "pk": "2d87d39c-45b9-4bab-9571-32bcbb153677", "fields": {"pelaku": "Transfer | Butuh Duit", "trc_name": "Transfer ke Kas", "price": 50000, "rekening": "d330df9e-d7b0-48e7-ac6b-22401b736ed1", "trc_type": -1, "trc_date": "2023-03-20T13:12:00Z", "kategori": null, "user": 3, "id_utang_piutang": null, "id_transfer": "c72feba0-0c9f-451d-a068-6bfd6416703c", "is_protected": false}}, {"model": "keuangan.transaksi", "pk": "2dd5f775-07ec-46c1-bf13-03fd0d7cd241", "fields": {"pelaku": "Beras Pramuka", "trc_name": "Beras", "price": 14000, "rekening": "91405d42-aa57-47ea-9c9f-ae4718d293b9", "trc_type": -1, "trc_date": "2023-03-10T08:34:00Z", "kategori": "d0801769-1038-4cfb-83b5-eec330a7fad4", "user": 3, "id_utang_piutang": null, "id_transfer": null, "is_protected": false}}, {"model": "keuangan.transaksi", "pk": "2e66133b-5481-4f13-8aaf-6d01088c5801", "fields": {"pelaku": "Initial Deposit", "trc_name": "Initial Deposit rek Reksadana Bibit", "price": 2000000, "rekening": "beb4d1f8-3f9b-4e60-b40c-2e315855407c", "trc_type": 1, "trc_date": "2023-03-10T12:55:59.703Z", "kategori": null, "user": 3, "id_utang_piutang": null, "id_transfer": null, "is_protected": true}}, {"model": "keuangan.transaksi", "pk": "30c9dfcb-4124-475e-b08d-ef4749f0c6fd", "fields": {"pelaku": "Nasi Goreng Jawa", "trc_name": "Nasi Goreng", "price": 15000, "rekening": "91405d42-aa57-47ea-9c9f-ae4718d293b9", "trc_type": -1, "trc_date": "2023-03-15T23:23:00Z", "kategori": "6486e070-b4a8-4b7c-8125-13b79b27f104", "user": 3, "id_utang_piutang": null, "id_transfer": null, "is_protected": false}}, {"model": "keuangan.transaksi", "pk": "326af3ca-a6a6-4713-87da-25d8cdeaa92e", "fields": {"pelaku": "Transfer | Listrik", "trc_name": "Transfer dari BCA", "price": 30000, "rekening": "91405d42-aa57-47ea-9c9f-ae4718d293b9", "trc_type": 1, "trc_date": "2023-03-14T12:52:00Z", "kategori": null, "user": 3, "id_utang_piutang": null, "id_transfer": "05fcf4c2-0b3e-4ae7-a2a0-fe06cf2e2984", "is_protected": false}}, {"model": "keuangan.transaksi", "pk": "37662506-e0b5-418b-8a78-4271f96012f5", "fields": {"pelaku": "Indomaret", "trc_name": "Mie", "price": 3000, "rekening": "91405d42-aa57-47ea-9c9f-ae4718d293b9", "trc_type": -1, "trc_date": "2023-03-13T15:11:00Z", "kategori": "6486e070-b4a8-4b7c-8125-13b79b27f104", "user": 3, "id_utang_piutang": null, "id_transfer": null, "is_protected": false}}, {"model": "keuangan.transaksi", "pk": "38b06976-3635-4a01-8272-519411f6ca26", "fields": {"pelaku": "Riswan", "trc_name": "Pelunasan Piutang dari Riswan", "price": 15000, "rekening": "91405d42-aa57-47ea-9c9f-ae4718d293b9", "trc_type": 1, "trc_date": "2023-03-19T15:29:31.368Z", "kategori": null, "user": 3, "id_utang_piutang": "db108d91-fa14-431d-9e7f-049f4d6920e2", "id_transfer": null, "is_protected": false}}, {"model": "keuangan.transaksi", "pk": "38d2bce6-6d96-43ca-a73d-df9e44a82851", "fields": {"pelaku": "Saya", "trc_name": "Penyesuaian", "price": 2300, "rekening": "91405d42-aa57-47ea-9c9f-ae4718d293b9", "trc_type": -1, "trc_date": "2023-03-15T08:10:00Z", "kategori": "6224ba69-ea8c-4462-bb77-0f58366fbfa8", "user": 3, "id_utang_piutang": null, "id_transfer": null, "is_protected": false}}, {"model": "keuangan.transaksi", "pk": "404217f5-7ff6-4220-bb9a-d6ea23c68d43", "fields": {"pelaku": "Indomaret", "trc_name": "Vitamin", "price": 2000, "rekening": "91405d42-aa57-47ea-9c9f-ae4718d293b9", "trc_type": -1, "trc_date": "2023-03-12T09:01:00Z", "kategori": "019e754d-f0e5-4d65-90fc-1eba25999765", "user": 3, "id_utang_piutang": null, "id_transfer": null, "is_protected": false}}, {"model": "keuangan.transaksi", "pk": "44bf704f-8265-4c6e-b161-8308155e41b0", "fields": {"pelaku": "Perikanan", "trc_name": "Utang dari Perikanan ket:Listrik", "price": 30000, "rekening": "d330df9e-d7b0-48e7-ac6b-22401b736ed1", "trc_type": -1, "trc_date": "2023-03-11T19:35:00Z", "kategori": null, "user": 3, "id_utang_piutang": "150a1ac3-f99e-4558-b81e-f672f0c9eb9a", "id_transfer": null, "is_protected": false}}, {"model": "keuangan.transaksi", "pk": "47917e33-b4b2-4927-b1f6-0b1724ed1eb8", "fields": {"pelaku": "Indomaret", "trc_name": "Masker", "price": 10000, "rekening": "91405d42-aa57-47ea-9c9f-ae4718d293b9", "trc_type": -1, "trc_date": "2023-03-15T09:42:00Z", "kategori": "d217cf7b-402d-44ba-898f-eeed8c352a5c", "user": 3, "id_utang_piutang": null, "id_transfer": null, "is_protected": false}}, {"model": "keuangan.transaksi", "pk": "48673aef-7d55-4048-9f9a-29c36dd9c791", "fields": {"pelaku": "Geprek Petir", "trc_name": "Ayam Geprek", "price": 20000, "rekening": "91405d42-aa57-47ea-9c9f-ae4718d293b9", "trc_type": -1, "trc_date": "2023-03-13T10:06:00Z", "kategori": "6486e070-b4a8-4b7c-8125-13b79b27f104", "user": 3, "id_utang_piutang": null, "id_transfer": null, "is_protected": false}}, {"model": "keuangan.transaksi", "pk": "4cf175ca-0393-4300-b8bc-6138fc6dc5cc", "fields": {"pelaku": "Ari", "trc_name": "Pelunasan Piutang dari Ari", "price": 70000, "rekening": "d330df9e-d7b0-48e7-ac6b-22401b736ed1", "trc_type": 1, "trc_date": "2023-03-11T12:31:36.357Z", "kategori": null, "user": 3, "id_utang_piutang": "1683a269-6968-4e49-8de6-3dcdc46ee7c6", "id_transfer": null, "is_protected": false}}, {"model": "keuangan.transaksi", "pk": "4d86f904-aec9-4efd-b4c4-dc90998b1087", "fields": {"pelaku": "Indomaret", "trc_name": "Air Minum Aqua Besar", "price": 9000, "rekening": "91405d42-aa57-47ea-9c9f-ae4718d293b9", "trc_type": -1, "trc_date": "2023-03-13T14:03:00Z", "kategori": "6486e070-b4a8-4b7c-8125-13b79b27f104", "user": 3, "id_utang_piutang": null, "id_transfer": null, "is_protected": false}}, {"model": "keuangan.transaksi", "pk": "4eb2af13-4a95-4ddc-a6ea-d33ec2d18d64", "fields": {"pelaku": "Initial Deposit", "trc_name": "Initial Deposit rek a", "price": 2, "rekening": "410af41c-f310-45f5-88d1-02da731911f2", "trc_type": 1, "trc_date": "2023-03-22T04:45:52.441Z", "kategori": null, "user": 5, "id_utang_piutang": null, "id_transfer": null, "is_protected": true}}, {"model": "keuangan.transaksi", "pk": "4f9e4140-fb20-489a-b28c-a4b7bf2fd95e", "fields": {"pelaku": "Transfer | -", "trc_name": "Transfer dari BCA", "price": 50000, "rekening": "91405d42-aa57-47ea-9c9f-ae4718d293b9", "trc_type": 1, "trc_date": "2023-03-11T12:02:00Z", "kategori": null, "user": 3, "id_utang_piutang": null, "id_transfer": "a8d98293-8e90-467d-9868-daf3c3deae76", "is_protected": false}}, {"model": "keuangan.transaksi", "pk": "50a2c0b1-4653-4edc-9d98-777916efa97c", "fields": {"pelaku": "Transfer | Butuh Duit", "trc_name": "Transfer dari BCA", "price": 50000, "rekening": "91405d42-aa57-47ea-9c9f-ae4718d293b9", "trc_type": 1, "trc_date": "2023-03-20T13:12:00Z", "kategori": null, "user": 3, "id_utang_piutang": null, "id_transfer": "c72feba0-0c9f-451d-a068-6bfd6416703c", "is_protected": false}}, {"model": "keuangan.transaksi", "pk": "50d2e08f-55d2-41c4-91e2-1b329c39b872", "fields": {"pelaku": "Indomaret", "trc_name": "Snek Jagung Balado", "price": 5500, "rekening": "91405d42-aa57-47ea-9c9f-ae4718d293b9", "trc_type": -1, "trc_date": "2023-03-13T15:11:00Z", "kategori": "6486e070-b4a8-4b7c-8125-13b79b27f104", "user": 3, "id_utang_piutang": null, "id_transfer": null, "is_protected": false}}, {"model": "keuangan.transaksi", "pk": "550bf1f5-1280-44a9-b2c6-5627634469d7", "fields": {"pelaku": "Ayam Gami Perjuangan", "trc_name": "Ayam Gami", "price": 17000, "rekening": "91405d42-aa57-47ea-9c9f-ae4718d293b9", "trc_type": -1, "trc_date": "2023-03-14T15:09:00Z", "kategori": "6486e070-b4a8-4b7c-8125-13b79b27f104", "user": 3, "id_utang_piutang": null, "id_transfer": null, "is_protected": false}}, {"model": "keuangan.transaksi", "pk": "5d93bdff-b8de-4575-bb23-1d4dadb729fd", "fields": {"pelaku": "Ayam Goreng", "trc_name": "Ayam Goreng", "price": 6000, "rekening": "91405d42-aa57-47ea-9c9f-ae4718d293b9", "trc_type": -1, "trc_date": "2023-03-18T18:45:00Z", "kategori": "6486e070-b4a8-4b7c-8125-13b79b27f104", "user": 3, "id_utang_piutang": null, "id_transfer": null, "is_protected": false}}, {"model": "keuangan.transaksi", "pk": "66151e95-2091-4855-b672-49cd086e3e7f", "fields": {"pelaku": "Indomaret", "trc_name": "Daia Detergen", "price": 5000, "rekening": "91405d42-aa57-47ea-9c9f-ae4718d293b9", "trc_type": -1, "trc_date": "2023-03-12T08:59:00Z", "kategori": "d217cf7b-402d-44ba-898f-eeed8c352a5c", "user": 3, "id_utang_piutang": null, "id_transfer": null, "is_protected": false}}, {"model": "keuangan.transaksi", "pk": "7b5447be-e37e-42ed-847b-e2d6c6763650", "fields": {"pelaku": "Indies", "trc_name": "Futsal", "price": 10000, "rekening": "91405d42-aa57-47ea-9c9f-ae4718d293b9", "trc_type": -1, "trc_date": "2023-03-21T19:11:00Z", "kategori": "9a1ae7f4-3950-431a-93df-74063603e6e5", "user": 3, "id_utang_piutang": null, "id_transfer": null, "is_protected": false}}, {"model": "keuangan.transaksi", "pk": "8158dfe7-1286-4d96-ad9a-6e5585cd4f01", "fields": {"pelaku": "Pramuka", "trc_name": "Roti", "price": 5000, "rekening": "91405d42-aa57-47ea-9c9f-ae4718d293b9", "trc_type": -1, "trc_date": "2023-03-14T09:42:00Z", "kategori": "6486e070-b4a8-4b7c-8125-13b79b27f104", "user": 3, "id_utang_piutang": null, "id_transfer": null, "is_protected": false}}, {"model": "keuangan.transaksi", "pk": "8539998a-d177-4397-b931-645d3d35ffda", "fields": {"pelaku": "Initial Deposit", "trc_name": "Initial Deposit rek Jenius", "price": 10000, "rekening": "c1b42d7d-8c55-44a4-ba06-048e939bbdcc", "trc_type": 1, "trc_date": "2023-03-11T02:04:15.811Z", "kategori": null, "user": 3, "id_utang_piutang": null, "id_transfer": null, "is_protected": true}}, {"model": "keuangan.transaksi", "pk": "893df988-3838-46e1-afc8-9a4f6ff30014", "fields": {"pelaku": "Initial Deposit", "trc_name": "Initial Deposit rek BCA", "price": 1182000, "rekening": "d330df9e-d7b0-48e7-ac6b-22401b736ed1", "trc_type": 1, "trc_date": "2023-03-10T10:34:35.729Z", "kategori": null, "user": 3, "id_utang_piutang": null, "id_transfer": null, "is_protected": true}}, {"model": "keuangan.transaksi", "pk": "8d300da9-bf8f-4c42-ad4a-5ed513b9f0e6", "fields": {"pelaku": "Ayam Pramuka", "trc_name": "Ayam Goreng", "price": 6000, "rekening": "91405d42-aa57-47ea-9c9f-ae4718d293b9", "trc_type": -1, "trc_date": "2023-03-17T17:49:00Z", "kategori": "6486e070-b4a8-4b7c-8125-13b79b27f104", "user": 3, "id_utang_piutang": null, "id_transfer": null, "is_protected": false}}, {"model": "keuangan.transaksi", "pk": "8dcef9be-693d-4b42-8582-8146c8903c4f", "fields": {"pelaku": "Ari", "trc_name": "Pelunasan Utang dari Ari", "price": 16500, "rekening": "91405d42-aa57-47ea-9c9f-ae4718d293b9", "trc_type": -1, "trc_date": "2023-03-20T14:03:56.279Z", "kategori": null, "user": 3, "id_utang_piutang": "c871d98c-7eb1-4b6d-ad2f-613ed9baaebe", "id_transfer": null, "is_protected": false}}, {"model": "keuangan.transaksi", "pk": "91719d1e-af99-4beb-a47d-9be30b9b9f48", "fields": {"pelaku": "Indomaret", "trc_name": "Bumbu Nasi Goreng", "price": 2200, "rekening": "91405d42-aa57-47ea-9c9f-ae4718d293b9", "trc_type": -1, "trc_date": "2023-03-11T16:59:00Z", "kategori": "6486e070-b4a8-4b7c-8125-13b79b27f104", "user": 3, "id_utang_piutang": null, "id_transfer": null, "is_protected": false}}, {"model": "keuangan.transaksi", "pk": "973f78d9-7872-4e38-b7b9-d503f0905a85", "fields": {"pelaku": "Initial Deposit", "trc_name": "Initial Deposit rek BNI", "price": 10000, "rekening": "398c490b-a1e0-4354-990a-477212bd9611", "trc_type": 1, "trc_date": "2023-03-11T05:01:15.528Z", "kategori": null, "user": 3, "id_utang_piutang": null, "id_transfer": null, "is_protected": true}}, {"model": "keuangan.transaksi", "pk": "97a777db-d3de-40ff-a6d1-b9411bfdd4db", "fields": {"pelaku": "Rezieq", "trc_name": "Pelunasan Piutang dari Rezieq", "price": 23000, "rekening": "91405d42-aa57-47ea-9c9f-ae4718d293b9", "trc_type": 1, "trc_date": "2023-03-16T04:49:14.803Z", "kategori": null, "user": 3, "id_utang_piutang": "30aa89b0-8d0a-4aa4-b815-27914bcf34a9", "id_transfer": null, "is_protected": false}}, {"model": "keuangan.transaksi", "pk": "9c079e2c-ffd2-441e-a08d-520ed53f6524", "fields": {"pelaku": "Indomaret", "trc_name": "Snack", "price": 9500, "rekening": "91405d42-aa57-47ea-9c9f-ae4718d293b9", "trc_type": -1, "trc_date": "2023-03-17T21:30:00Z", "kategori": "6897bab8-0347-43cf-b6f8-8fd93872d599", "user": 3, "id_utang_piutang": null, "id_transfer": null, "is_protected": false}}, {"model": "keuangan.transaksi", "pk": "9c81e0f9-82f2-4728-a7d4-c71c04dd1720", "fields": {"pelaku": "Transfer | Tukar Koin", "trc_name": "Transfer dari Koin", "price": 22000, "rekening": "91405d42-aa57-47ea-9c9f-ae4718d293b9", "trc_type": 1, "trc_date": "2023-03-17T21:27:00Z", "kategori": null, "user": 3, "id_utang_piutang": null, "id_transfer": "af49461e-72ff-4f0d-98c0-dc05c4e734ce", "is_protected": false}}, {"model": "keuangan.transaksi", "pk": "9f595103-6233-4a1a-8d94-4fc6289c0ee5", "fields": {"pelaku": "Transfer | nabung", "trc_name": "Transfer ke Reksadana Bibit", "price": 200000, "rekening": "d330df9e-d7b0-48e7-ac6b-22401b736ed1", "trc_type": -1, "trc_date": "2023-03-10T10:52:00Z", "kategori": null, "user": 3, "id_utang_piutang": null, "id_transfer": "9cd104a7-0c57-480c-96a0-d210cffcb0f8", "is_protected": false}}, {"model": "keuangan.transaksi", "pk": "a8c6ace9-20b5-4d02-98c6-dc01db5aea56", "fields": {"pelaku": "daeng", "trc_name": "Bensin", "price": 12000, "rekening": "91405d42-aa57-47ea-9c9f-ae4718d293b9", "trc_type": -1, "trc_date": "2023-03-14T18:53:00Z", "kategori": "67a15c71-71ad-4c0c-8e69-f2be71791430", "user": 3, "id_utang_piutang": null, "id_transfer": null, "is_protected": false}}, {"model": "keuangan.transaksi", "pk": "b19f10be-9594-476f-a597-45963c3db4b1", "fields": {"pelaku": "Ayam", "trc_name": "Ayam Geprek", "price": 10000, "rekening": "91405d42-aa57-47ea-9c9f-ae4718d293b9", "trc_type": -1, "trc_date": "2023-03-19T09:48:00Z", "kategori": "6486e070-b4a8-4b7c-8125-13b79b27f104", "user": 3, "id_utang_piutang": null, "id_transfer": null, "is_protected": false}}, {"model": "keuangan.transaksi", "pk": "b4495f96-804d-4e67-bbf1-11b27c12bbbb", "fields": {"pelaku": "Initial Deposit", "trc_name": "Initial Deposit rek Reksandana Tokopedia", "price": 2200000, "rekening": "5f3cf188-fe1f-4624-92db-8e79374156ef", "trc_type": 1, "trc_date": "2023-03-10T13:58:03.124Z", "kategori": null, "user": 3, "id_utang_piutang": null, "id_transfer": null, "is_protected": true}}, {"model": "keuangan.transaksi", "pk": "bc5a9d46-967b-43b5-91d6-95f1180587d4", "fields": {"pelaku": "Transfer | Butuh Duit", "trc_name": "Transfer dari BCA", "price": 50000, "rekening": "91405d42-aa57-47ea-9c9f-ae4718d293b9", "trc_type": 1, "trc_date": "2023-03-21T13:09:00Z", "kategori": null, "user": 3, "id_utang_piutang": null, "id_transfer": "a886ffb5-da6b-4b60-ba6b-d8486db5b5c2", "is_protected": false}}, {"model": "keuangan.transaksi", "pk": "c210962f-c79a-48b4-be6b-d8eac45fa8ba", "fields": {"pelaku": "Perikanan", "trc_name": "Pelunasan Piutang dari Perikanan", "price": 30000, "rekening": "d330df9e-d7b0-48e7-ac6b-22401b736ed1", "trc_type": 1, "trc_date": "2023-03-14T04:50:09.094Z", "kategori": null, "user": 3, "id_utang_piutang": "150a1ac3-f99e-4558-b81e-f672f0c9eb9a", "id_transfer": null, "is_protected": false}}, {"model": "keuangan.transaksi", "pk": "c22aa146-2854-4179-9040-7b45f36d7e9a", "fields": {"pelaku": "Initial Deposit", "trc_name": "Initial Deposit rek Kas", "price": 128000, "rekening": "91405d42-aa57-47ea-9c9f-ae4718d293b9", "trc_type": 1, "trc_date": "2023-03-10T10:16:43.820Z", "kategori": null, "user": 3, "id_utang_piutang": null, "id_transfer": null, "is_protected": true}}, {"model": "keuangan.transaksi", "pk": "c46ce821-5412-4acd-81e1-88f5bb5939d1", "fields": {"pelaku": "Transfer | Tukar Koin", "trc_name": "Transfer ke Kas", "price": 22000, "rekening": "ed746066-d5dd-40a4-a4ce-7192bd18a333", "trc_type": -1, "trc_date": "2023-03-17T21:27:00Z", "kategori": null, "user": 3, "id_utang_piutang": null, "id_transfer": "af49461e-72ff-4f0d-98c0-dc05c4e734ce", "is_protected": false}}, {"model": "keuangan.transaksi", "pk": "c53c362f-3b58-41c3-9ccc-29a4a1fe85b3", "fields": {"pelaku": "Ayam Manja", "trc_name": "Ayam Manja", "price": 15000, "rekening": "91405d42-aa57-47ea-9c9f-ae4718d293b9", "trc_type": -1, "trc_date": "2023-03-21T22:16:00Z", "kategori": "6486e070-b4a8-4b7c-8125-13b79b27f104", "user": 3, "id_utang_piutang": null, "id_transfer": null, "is_protected": false}}, {"model": "keuangan.transaksi", "pk": "c923f8af-791a-4c40-99fc-75c14e8092d5", "fields": {"pelaku": "Ayam Pramuka", "trc_name": "Ayam Geprek", "price": 8000, "rekening": "91405d42-aa57-47ea-9c9f-ae4718d293b9", "trc_type": -1, "trc_date": "2023-03-16T14:04:00Z", "kategori": "6486e070-b4a8-4b7c-8125-13b79b27f104", "user": 3, "id_utang_piutang": null, "id_transfer": null, "is_protected": false}}, {"model": "keuangan.transaksi", "pk": "cd0b93fc-f098-480a-b7ce-ccb23922b381", "fields": {"pelaku": "Kios", "trc_name": "Bensin", "price": 13000, "rekening": "91405d42-aa57-47ea-9c9f-ae4718d293b9", "trc_type": -1, "trc_date": "2023-03-21T15:10:00Z", "kategori": "67a15c71-71ad-4c0c-8e69-f2be71791430", "user": 3, "id_utang_piutang": null, "id_transfer": null, "is_protected": false}}, {"model": "keuangan.transaksi", "pk": "d2002ed9-50ac-4b49-9267-97a2ec3704a1", "fields": {"pelaku": "Riswan", "trc_name": "Piutang ke Riswan ket:Listrik", "price": 15000, "rekening": "d330df9e-d7b0-48e7-ac6b-22401b736ed1", "trc_type": -1, "trc_date": "2023-03-11T19:37:00Z", "kategori": null, "user": 3, "id_utang_piutang": "db108d91-fa14-431d-9e7f-049f4d6920e2", "id_transfer": null, "is_protected": false}}, {"model": "keuangan.transaksi", "pk": "d20c2dbc-a34d-40c7-b5aa-6ad351111624", "fields": {"pelaku": "Ari", "trc_name": "Piutang ke Ari ket:Wifi + Lisrik", "price": 70000, "rekening": "d330df9e-d7b0-48e7-ac6b-22401b736ed1", "trc_type": -1, "trc_date": "2023-03-11T19:38:00Z", "kategori": null, "user": 3, "id_utang_piutang": "1683a269-6968-4e49-8de6-3dcdc46ee7c6", "id_transfer": null, "is_protected": false}}, {"model": "keuangan.transaksi", "pk": "d493aba1-94e4-4b30-8c56-a462cd9945a1", "fields": {"pelaku": "Zaki", "trc_name": "Utang dari Zaki ket:Listrik", "price": 15000, "rekening": "d330df9e-d7b0-48e7-ac6b-22401b736ed1", "trc_type": -1, "trc_date": "2023-03-11T19:34:00Z", "kategori": null, "user": 3, "id_utang_piutang": "583b625e-6255-4eeb-9f34-164bce776323", "id_transfer": null, "is_protected": false}}, {"model": "keuangan.transaksi", "pk": "daa69375-71bc-4b6c-ade6-a51512779d69", "fields": {"pelaku": "Mixue", "trc_name": "Mixue", "price": 16000, "rekening": "91405d42-aa57-47ea-9c9f-ae4718d293b9", "trc_type": -1, "trc_date": "2023-03-15T23:22:00Z", "kategori": "6897bab8-0347-43cf-b6f8-8fd93872d599", "user": 3, "id_utang_piutang": null, "id_transfer": null, "is_protected": false}}, {"model": "keuangan.transaksi", "pk": "dbdbe1c9-67d6-4d8b-8c56-e0a9605ee174", "fields": {"pelaku": "Ari", "trc_name": "Utang dari Ari ket:Listrik", "price": 15000, "rekening": "d330df9e-d7b0-48e7-ac6b-22401b736ed1", "trc_type": -1, "trc_date": "2023-03-11T19:32:00Z", "kategori": null, "user": 3, "id_utang_piutang": "096bb410-fd77-45c0-af1c-b2b5f93482b4", "id_transfer": null, "is_protected": false}}, {"model": "keuangan.transaksi", "pk": "dc3ba759-d87d-4659-943b-c7a6502b0ab7", "fields": {"pelaku": "Indomaret", "trc_name": "Aice Bluberry", "price": 7600, "rekening": "91405d42-aa57-47ea-9c9f-ae4718d293b9", "trc_type": -1, "trc_date": "2023-03-11T16:59:00Z", "kategori": "6897bab8-0347-43cf-b6f8-8fd93872d599", "user": 3, "id_utang_piutang": null, "id_transfer": null, "is_protected": false}}, {"model": "keuangan.transaksi", "pk": "dfc26d3e-5a9a-4239-b7de-2aec15a503dc", "fields": {"pelaku": "Pramuka", "trc_name": "Ayam", "price": 6000, "rekening": "91405d42-aa57-47ea-9c9f-ae4718d293b9", "trc_type": -1, "trc_date": "2023-03-14T20:36:00Z", "kategori": "6486e070-b4a8-4b7c-8125-13b79b27f104", "user": 3, "id_utang_piutang": null, "id_transfer": null, "is_protected": false}}, {"model": "keuangan.transaksi", "pk": "e43aa7d5-dbf2-42b2-87da-564d6dfc10c0", "fields": {"pelaku": "Indomaret", "trc_name": "Soya", "price": 6600, "rekening": "91405d42-aa57-47ea-9c9f-ae4718d293b9", "trc_type": -1, "trc_date": "2023-03-11T01:46:00Z", "kategori": "6897bab8-0347-43cf-b6f8-8fd93872d599", "user": 3, "id_utang_piutang": null, "id_transfer": null, "is_protected": false}}, {"model": "keuangan.transaksi", "pk": "eb37fe63-16bd-45a3-850c-73a76500d765", "fields": {"pelaku": "Arya", "trc_name": "Utang dari Listrik ket:Arya", "price": 15000, "rekening": "d330df9e-d7b0-48e7-ac6b-22401b736ed1", "trc_type": -1, "trc_date": "2023-03-11T19:34:00Z", "kategori": null, "user": 3, "id_utang_piutang": "6045fb02-e01c-4566-aa96-757b5ce8a69c", "id_transfer": null, "is_protected": false}}, {"model": "keuangan.transaksi", "pk": "ef13b189-1fad-4600-9d93-244163d9711e", "fields": {"pelaku": "Zaki", "trc_name": "Pelunasan Piutang dari Zaki", "price": 15000, "rekening": "d330df9e-d7b0-48e7-ac6b-22401b736ed1", "trc_type": 1, "trc_date": "2023-03-11T14:43:06.729Z", "kategori": null, "user": 3, "id_utang_piutang": "583b625e-6255-4eeb-9f34-164bce776323", "id_transfer": null, "is_protected": false}}, {"model": "keuangan.transaksi", "pk": "ef94ba76-8777-469b-83f0-485f1bcbe650", "fields": {"pelaku": "Transfer | Butuh Duit", "trc_name": "Transfer ke Kas", "price": 50000, "rekening": "d330df9e-d7b0-48e7-ac6b-22401b736ed1", "trc_type": -1, "trc_date": "2023-03-21T13:09:00Z", "kategori": null, "user": 3, "id_utang_piutang": null, "id_transfer": "a886ffb5-da6b-4b60-ba6b-d8486db5b5c2", "is_protected": false}}, {"model": "keuangan.transaksi", "pk": "efe0d92b-9946-48ef-b290-80d04a27ebee", "fields": {"pelaku": "Transfer | Lunas ari", "trc_name": "Transfer dari BCA", "price": 85000, "rekening": "91405d42-aa57-47ea-9c9f-ae4718d293b9", "trc_type": 1, "trc_date": "2023-03-11T20:32:00Z", "kategori": null, "user": 3, "id_utang_piutang": null, "id_transfer": "11702760-c0a7-4908-975f-7aa4cf6faa33", "is_protected": false}}, {"model": "keuangan.transaksi", "pk": "f3ec2e57-ccd4-435f-9a58-de91f143642a", "fields": {"pelaku": "Ari", "trc_name": "Pelunasan Piutang dari Ari", "price": 15000, "rekening": "91405d42-aa57-47ea-9c9f-ae4718d293b9", "trc_type": 1, "trc_date": "2023-03-14T12:38:52.039Z", "kategori": null, "user": 3, "id_utang_piutang": "096bb410-fd77-45c0-af1c-b2b5f93482b4", "id_transfer": null, "is_protected": false}}, {"model": "keuangan.transaksi", "pk": "f50d259b-06d7-4394-bebf-616921d9a8c3", "fields": {"pelaku": "Indomaret", "trc_name": "Penyesuaian Koin", "price": 21800, "rekening": "ed746066-d5dd-40a4-a4ce-7192bd18a333", "trc_type": 1, "trc_date": "2023-03-17T21:26:00Z", "kategori": "6224ba69-ea8c-4462-bb77-0f58366fbfa8", "user": 3, "id_utang_piutang": null, "id_transfer": null, "is_protected": false}}, {"model": "keuangan.transaksi", "pk": "fa3eef8a-3f75-4031-9941-b803ca89126c", "fields": {"pelaku": "Arya", "trc_name": "Pelunasan Piutang dari Arya", "price": 15000, "rekening": "91405d42-aa57-47ea-9c9f-ae4718d293b9", "trc_type": 1, "trc_date": "2023-03-14T15:20:48.573Z", "kategori": null, "user": 3, "id_utang_piutang": "6045fb02-e01c-4566-aa96-757b5ce8a69c", "id_transfer": null, "is_protected": false}}, {"model": "keuangan.transaksi", "pk": "fd473dda-01c3-4f76-85bb-97a13e6ea7e8", "fields": {"pelaku": "Initial Deposit", "trc_name": "Initial Deposit rek BTN", "price": 30000, "rekening": "391a8dac-e229-4695-801a-54a1fea61146", "trc_type": 1, "trc_date": "2023-03-10T17:03:46.830Z", "kategori": null, "user": 3, "id_utang_piutang": null, "id_transfer": null, "is_protected": true}}, {"model": "keuangan.transaksi", "pk": "fe5726d8-1714-48bf-b453-62c36708bd7e", "fields": {"pelaku": "Rezieq", "trc_name": "Utang dari Rezieq ket:Snack Brick Eramart", "price": 23000, "rekening": "91405d42-aa57-47ea-9c9f-ae4718d293b9", "trc_type": -1, "trc_date": "2023-03-16T09:07:00Z", "kategori": null, "user": 3, "id_utang_piutang": "30aa89b0-8d0a-4aa4-b815-27914bcf34a9", "id_transfer": null, "is_protected": false}}, {"model": "keuangan.transaksi", "pk": "fecd464e-8ad3-403c-a7fb-6a0fd56fb73b", "fields": {"pelaku": "Pramuka", "trc_name": "Kue Kering", "price": 5000, "rekening": "91405d42-aa57-47ea-9c9f-ae4718d293b9", "trc_type": -1, "trc_date": "2023-03-17T10:20:00Z", "kategori": "6486e070-b4a8-4b7c-8125-13b79b27f104", "user": 3, "id_utang_piutang": null, "id_transfer": null, "is_protected": false}}, {"model": "keuangan.transaksi", "pk": "fee49a32-c1ea-4322-bb8a-b770f341c6f5", "fields": {"pelaku": "Rooftop", "trc_name": "Air Galon", "price": 5000, "rekening": "91405d42-aa57-47ea-9c9f-ae4718d293b9", "trc_type": -1, "trc_date": "2023-03-16T14:09:00Z", "kategori": "d0801769-1038-4cfb-83b5-eec330a7fad4", "user": 3, "id_utang_piutang": null, "id_transfer": null, "is_protected": false}}]